INSERT INTO biglietti (nome,prezzo,disponibili,descrizione,caratteristiche,categoria,img) VALUES
	 ('Biglietto Intero',15.0,198,'Validità 1 giorno. Accesso a tutte le aree della fiera con un piccolo gadget omaggio','Area comics, games, cosplay;Eventi live, palchi, panel; Gadget all''ingresso','intero','/img/TickInt.jpg'),
	 ('Gratuito Under 10',0.0,200,'Riservato a bambini fino a 10 anni compresi accompagnati da adulto pagante.','Accesso a tutte le aree;Eventi family-friendly;Obbligo documento d’identità all’ingresso','gratis','/img/GratBamb.jpg'),
	 ('Gratuito Disabili',0.0,200,'Accesso riservato a persone con disabilità con certificazione.','Accesso completo e prioritario;Area relax riservata;Documento/certificazione obbligatoria;Accompagnatore gratuito (se previsto)','gratis','/img/GratDisab.jpg'),
	 ('Ridotto Cosplayer',10.0,198,'Per chi si presenta in costume. Accesso anticipato area cosplay e omaggio dedicato.','Accesso anticipato area cosplay;Partecipazione a contest;Omaggio dedicato;Controllo costume all’ingresso','ridotto','/img/RidCos.jpg');
INSERT INTO eventi (titolo,descrizione,caratteristiche,categoria,"data",img,creato_da,prenotabile,luogo) VALUES
	 ('Gaming Arena','Partecipa ai tornei di videogiochi su console e PC. Sfida i migliori gamer in competizioni mozzafiato!','Piattaforme: Console & PC;Modalità: 1v1 e squadre;Premi ai vincitori;Aperto a tutti','gaming','2025-10-11 15:00:00','/img/gaming.jpg',1,1,'Stand Games'),
	 ('Cosplay Contest','Vivi il magico mondo dei cosplay! Sfila, partecipa e vinci fantastici premi, davanti a una giuria di esperti.','Premi per: miglior costume, recitazione, accessori;Iscrizioni aperte online e in fiera;Giuria di professionisti','cosplay','2025-10-11 17:00:00','/img/jjk.jpg',1,1,'Stand Cosplay'),
	 ('Workshop Fumetto','Scopri i segreti del disegno manga e comics dai grandi autori. Porta i tuoi lavori e chiedi consigli.','Docenti: autori professionisti;Materiale fornito;Livelli: principiante/avanzato;Durata: 1 ora','fumetto','2025-10-12 11:00:00','/img/isoka.jpg',1,1,'Stand Comics'),
	 ('Incontri Speciali','Conosci i tuoi artisti preferiti, partecipa a firmacopie e sessioni Q&A esclusive con ospiti dal mondo nerd.','Sessioni Q&A;Firmacopie;Prenotazione consigliata;Foto ricordo','incontri','2025-10-12 15:30:00','/img/Celeb.jpg',1,1,'Stand Comics'),
	 ('Quiz Nerd','Un pomeriggio a colpi di domande su film, serie e fumetti. Vinci premi geek rispondendo più velocemente degli altri!','Domande su: cinema, serie, fumetti;Premi ai primi classificati;Modalità: squadre o singoli;Iscrizione gratuita','quiz','2025-10-13 16:30:00','/img/QuizNerd.jpg',1,1,'Stand Comics'),
	 ('Cinema Live Cosplay','Proiezione di film cult con performance in costume dal vivo! Vivi il cinema come mai prima.','Live performance cosplay;Film cult selezionati;Fotografie con i cosplayer;Prenotazione consigliata','cinema','2025-10-13 21:00:00','/img/CosCinema.jpg',1,1,'Stand Cosplay'),
	 ('Torneo Board Games','Unisciti al torneo di giochi da tavolo, dal classico al fantasy. Tanti premi e nuove amicizie!','Giochi: classici e moderni;Modalità: torneo eliminazione;Premi finali;Posti limitati','boardgames','2025-10-13 14:00:00','/img/BoardGames.jpg',1,1,'Stand Games'),
	 ('Sessione Disegno Anime','Porta il tuo sketchbook e disegna insieme ad altri appassionati di anime. Libera la creatività e scambia consigli!','Materiale: porta il tuo!;Sessioni libere e guidate;Condivisione disegni;Adatto a tutti','disegno','2025-10-12 10:30:00','/img/EventoDisegno.jpg',1,0,'Stand Comics'),
	 ('Card Games Arena','Sfida altri giocatori in tornei di Magic, Yu-Gi-Oh!, Pokémon. Porta il tuo mazzo e conquista la vittoria!','Tornei: Magic, Yu-Gi-Oh!, Pokémon;Iscrizione in fiera;Premi ai vincitori;Deck personale o fornito','cardgames','2025-10-11 19:00:00','/img/EventoCardgames.jpg',1,1,'Stand Games'),
	 ('Retro Gaming Zone','Prova le postazioni con cabinati arcade e console anni ‘80-’90. Un tuffo nel passato videoludico!','Arcade originali;Console vintage;Giochi free-play;Area fotografica a tema','retro','2025-10-12 18:30:00','/img/EventoRetrogaming.jpg',1,0,'Stand Games');
INSERT INTO eventi (titolo,descrizione,caratteristiche,categoria,"data",img,creato_da,prenotabile,luogo) VALUES
	 ('Cooking Show Nerd','Scopri piatti ispirati ad anime, film e videogiochi, come il ramen di Naruto e altre delizie pop!','Showcooking dal vivo;Degustazioni gratuite;Ricette nerd;Chef ospiti','food','2025-10-13 12:30:00','/img/EventoCooking.jpg',1,0,'Stand Food'),
	 ('Jedi Training - Corso di Spade Laser','Lezione base con istruttore, posizioni, parate, mini duelli e coreografia finale.','Durata: 40 min;Livelli: beginner/avanzato;Età: 8+;Prenotazione: consigliata','jedi','2025-10-13 10:00:00','/img/Jedi.jpg',1,1,'Stand Esterno');
INSERT INTO stand (nome,padiglione,posizione,tema,dimensione,capienza,servizi_inclusi,note) VALUES
	 ('Stand Comics ','Padiglione Comics','Vicino ingresso principale','Fumetti, illustrazione, editori indipendenti','3x3 m',5,'Tavolo espositivo, prese elettriche, Wi-Fi, illuminazione dedicata','Adatto a artisti e case editrici, ottima visibilità dal flusso d’ingresso'),
	 ('Stand Games ','Padiglione Games','Accanto all’arena tornei','Videogiochi, card games, board games','6x4 m',5,'Prese elettriche potenziate, connessione LAN, Wi-Fi, sedute per demo','Consigliato per sviluppatori, negozi di giochi e tornei dimostrativi'),
	 ('Stand Cosplay ','Padiglione Cosplay','Zona contest e palco show','Costumi, accessori, make-up, photo corner','4x3 m',5,'Specchi, prese elettriche, area backstage, camerino condiviso','Destinato a truccatori, atelier cosplay e sponsor del contest'),
	 ('Stand Food ','Area Food & Relax','Fronte palco talk','Street food, bevande, dolci e piatti a tema nerd','6x4 m',5,'Allaccio elettrico, tavoli, ombrelloni, area raccolta differenziata','Posizione panoramica, ideale per flusso continuo durante gli eventi'),
	 ('Stand Esterno','Area Esterna','Zona prato e gazebo','Attività all’aperto, dimostrazioni live, workshop speciali','5x5 m',5,'Gazebo coperto, alimentazione elettrica, Wi-Fi base, accesso veicoli per carico/scarico','Spazio versatile per attività dinamiche o brand partner');
INSERT INTO utenti (username,email,password,ruolo) VALUES
	 ('utente_test','utente_test@gmail.com','$2b$10$xjzxIMZ591kSC2yyyCirPesG63kdkZ/.m5hGuQYoMviN24Y9dtqJS','utente'),
	 ('espositore_test','espositore_test@gmail.com','$2b$10$77k1MQ8SJTrlf5ca6A3gIOjsUQXMWAzja6PKT29V7TJ8qmulF2q/a','espositore'),
	 ('admin123','admin123@comixcity.com','$2b$10$wxcfTixiQ//idBZF1vlZz.Mly/uYRrKcb6NcqrPayAIL9dcOqUIsi','admin');
